"","sp_name","Firm","Industry","Category"
"1","A","A US Equity","Industrials ","Medical Diagnostics & Research"
"2","AAL","AAL US Equity","Consumer Services ","Transportation"
"3","AAPL","AAPL US Equity","Technology ","Hardware"
"4","ABBV","ABBV US Equity","Health Care ","Drug Manufacturers"
"5","ABC","ABC US Equity","Consumer Services ","Medical Distribution"
"6","ABT","ABT US Equity","Health Care ","Medical Devices & Instruments"
"7","ACN","ACN US Equity","Industrials ","Software"
"8","ADBE","ADBE US Equity","Technology ","Software"
"9","ADI","ADI US Equity","Technology ","Semiconductors"
"10","ADM","ADM US Equity","Consumer Goods ","Consumer Packaged Goods"
"11","ADP","ADP US Equity","Industrials ","Business Services"
"12","ADSK","ADSK US Equity","Technology ","Software"
"13","AEE","AEE US Equity","Utilities ","Utilities - Regulated"
"14","AEP","AEP US Equity","Utilities ","Utilities - Regulated"
"15","AFL","AFL US Equity","Financials ","Insurance"
"16","AIG","AIG US Equity","Financials ","Insurance"
"17","AJG","AJG US Equity","Financials ","Insurance"
"18","ALB","ALB US Equity","Basic Materials ","Chemicals"
"19","ALGN","ALGN US Equity","Health Care ","Medical Devices & Instruments"
"20","ALK","ALK US Equity","Consumer Services ","Transportation"
"21","ALL","ALL US Equity","Financials ","Insurance"
"22","ALLE","ALLE US Equity","Industrials ","Business Services"
"23","ALXN","ALXN US Equity","Health Care ","Biotechnology"
"24","AMAT","AMAT US Equity","Technology ","Semiconductors"
"25","AMCR","AMCR US Equity","Industrials ","Packaging & Containers"
"26","AMD","AMD US Equity","Technology ","Semiconductors"
"27","AME","AME US Equity","Industrials ","Industrial Products"
"28","AMGN","AMGN US Equity","Health Care ","Drug Manufacturers"
"29","AMT","AMT US Equity","Financials ","REITs"
"30","AMZN","AMZN US Equity","Consumer Services ","Retail - Cyclical"
"31","ANET","ANET US Equity","Technology ","Hardware"
"32","ANTM","ANTM US Equity","Health Care ","Healthcare Plans"
"33","AON","AON US Equity","Financials ","Insurance"
"34","APD","APD US Equity","Basic Materials ","Chemicals"
"35","APH","APH US Equity","Industrials ","Hardware"
"36","APTV","APTV US Equity","Consumer Goods ","Vehicles & Parts"
"37","ARE","ARE US Equity","Financials ","REITs"
"38","ATVI","ATVI US Equity","Consumer Goods ","Interactive Media"
"39","AVB","AVB US Equity","Financials ","REITs"
"40","AVGO","AVGO US Equity","Technology ","Semiconductors"
"41","AXP","AXP US Equity","Financials ","Credit Services"
"42","AZO","AZO US Equity","Consumer Services ","Retail - Cyclical"
"43","BAX","BAX US Equity","Health Care ","Medical Devices & Instruments"
"44","BBY","BBY US Equity","Consumer Services ","Retail - Cyclical"
"45","BDX","BDX US Equity","Health Care ","Medical Devices & Instruments"
"46","BIIB","BIIB US Equity","Health Care ","Drug Manufacturers"
"47","BIO","BIO US Equity","Health Care ","Medical Devices & Instruments"
"48","BKNG","BKNG US Equity","Consumer Services ","Travel & Leisure"
"49","BKR","BKR US Equity","Oil & Gas ","Oil & Gas"
"50","BLL","BLL US Equity","Industrials ","Packaging & Containers"
"51","BMY","BMY US Equity","Health Care ","Drug Manufacturers"
"52","BSX","BSX US Equity","Health Care ","Medical Devices & Instruments"
"53","BWA","BWA US Equity","Consumer Goods ","Vehicles & Parts"
"54","CAG","CAG US Equity","Consumer Goods ","Consumer Packaged Goods"
"55","CAH","CAH US Equity","Health Care ","Medical Distribution"
"56","CARR","CARR US Equity","Industrials ","Construction"
"57","CAT","CAT US Equity","Industrials ","Farm & Heavy Construction Machinery"
"58","CB","CB US Equity","Financials ","Insurance"
"59","CBRE","CBRE US Equity","Financials ","Real Estate"
"60","CCI","CCI US Equity","Financials ","REITs"
"61","CCL","CCL US Equity","Consumer Services ","Travel & Leisure"
"62","CE","CE US Equity","Basic Materials ","Chemicals"
"63","CERN","CERN US Equity","Technology ","Healthcare Providers & Services"
"64","CF","CF US Equity","Basic Materials ","Agriculture"
"65","CHD","CHD US Equity","Consumer Goods ","Consumer Packaged Goods"
"66","CHRW","CHRW US Equity","Industrials ","Transportation"
"67","CHTR","CHTR US Equity","Consumer Services ","Media - Diversified"
"68","CI","CI US Equity","Health Care ","Healthcare Plans"
"69","CINF","CINF US Equity","Financials ","Insurance"
"70","CL","CL US Equity","Consumer Goods ","Consumer Packaged Goods"
"71","CLX","CLX US Equity","Consumer Goods ","Consumer Packaged Goods"
"72","CMCSA","CMCSA US Equity","Consumer Services ","Media - Diversified"
"73","CMG","CMG US Equity","Consumer Services ","Restaurants"
"74","CMI","CMI US Equity","Industrials ","Industrial Products"
"75","CMS","CMS US Equity","Utilities ","Utilities - Regulated"
"76","CNC","CNC US Equity","Health Care ","Healthcare Plans"
"77","COF","COF US Equity","Financials ","Credit Services"
"78","COO","COO US Equity","Health Care ","Medical Devices & Instruments"
"79","COP","COP US Equity","Oil & Gas ","Oil & Gas"
"80","COST","COST US Equity","Consumer Services ","Retail - Defensive"
"81","CPB","CPB US Equity","Consumer Goods ","Consumer Packaged Goods"
"82","CPRT","CPRT US Equity","Consumer Services ","Business Services"
"83","CRM","CRM US Equity","Technology ","Software"
"84","CSCO","CSCO US Equity","Technology ","Hardware"
"85","CSX","CSX US Equity","Industrials ","Transportation"
"86","CTAS","CTAS US Equity","Industrials ","Business Services"
"87","CTLT","CTLT US Equity","Health Care ","Drug Manufacturers"
"88","CVS","CVS US Equity","Consumer Services ","Healthcare Plans"
"89","CVX","CVX US Equity","Oil & Gas ","Oil & Gas"
"90","D","D US Equity","Utilities ","Utilities - Regulated"
"91","DAL","DAL US Equity","Consumer Services ","Transportation"
"92","DD","DD US Equity","Industrials ","Chemicals"
"93","DE","DE US Equity","Industrials ","Farm & Heavy Construction Machinery"
"94","DFS","DFS US Equity","Financials ","Credit Services"
"95","DG","DG US Equity","Consumer Services ","Retail - Defensive"
"96","DGX","DGX US Equity","Health Care ","Medical Diagnostics & Research"
"97","DHI","DHI US Equity","Consumer Goods ","Homebuilding & Construction"
"98","DHR","DHR US Equity","Health Care ","Medical Diagnostics & Research"
"99","DIS","DIS US Equity","Consumer Services ","Media - Diversified"
"100","DISCA","DISCA US Equity","Consumer Services ","Media - Diversified"
"101","DISH","DISH US Equity","Consumer Services ","Media - Diversified"
"102","DLTR","DLTR US Equity","Consumer Services ","Retail - Defensive"
"103","DOV","DOV US Equity","Industrials ","Industrial Products"
"104","DOW","DOW US Equity","Basic Materials ","Chemicals"
"105","DPZ","DPZ US Equity","Consumer Services ","Restaurants"
"106","DRI","DRI US Equity","Consumer Services ","Restaurants"
"107","DTE","DTE US Equity","Utilities ","Utilities - Regulated"
"108","DUK","DUK US Equity","Utilities ","Utilities - Regulated"
"109","DVA","DVA US Equity","Health Care ","Healthcare Providers & Services"
"110","EA","EA US Equity","Consumer Goods ","Interactive Media"
"111","EBAY","EBAY US Equity","Consumer Services ","Retail - Cyclical"
"112","ED","ED US Equity","Utilities ","Utilities - Regulated"
"113","EFX","EFX US Equity","Industrials ","Business Services"
"114","EIX","EIX US Equity","Utilities ","Utilities - Regulated"
"115","EL","EL US Equity","Consumer Goods ","Consumer Packaged Goods"
"116","EMN","EMN US Equity","Basic Materials ","Chemicals"
"117","EMR","EMR US Equity","Industrials ","Industrial Products"
"118","EOG","EOG US Equity","Oil & Gas ","Oil & Gas"
"119","EQIX","EQIX US Equity","Financials ","REITs"
"120","EQR","EQR US Equity","Financials ","REITs"
"121","ES","ES US Equity","Utilities ","Utilities - Regulated"
"122","ESS","ESS US Equity","Financials ","REITs"
"123","ETN","ETN US Equity","Industrials ","Industrial Products"
"124","ETR","ETR US Equity","Utilities ","Utilities - Regulated"
"125","ETSY","ETSY US Equity","Consumer Services ","Retail - Cyclical"
"126","EW","EW US Equity","Health Care ","Medical Devices & Instruments"
"127","EXC","EXC US Equity","Utilities ","Utilities - Regulated"
"128","EXPD","EXPD US Equity","Industrials ","Transportation"
"129","EXPE","EXPE US Equity","Consumer Services ","Travel & Leisure"
"130","EXR","EXR US Equity","Financials ","REITs"
"131","F","F US Equity","Consumer Goods ","Vehicles & Parts"
"132","FAST","FAST US Equity","Basic Materials ","Industrial Distribution"
"133","FB","FB US Equity","Technology ","Interactive Media"
"134","FCX","FCX US Equity","Basic Materials ","Metals & Mining"
"135","FDX","FDX US Equity","Industrials ","Transportation"
"136","FIS","FIS US Equity","Industrials ","Software"
"137","FISV","FISV US Equity","Industrials ","Software"
"138","FMC","FMC US Equity","Basic Materials ","Agriculture"
"139","FOXA","FOXA US Equity","Consumer Services ","Media - Diversified"
"140","FTV","FTV US Equity","Industrials ","Hardware"
"141","GD","GD US Equity","Industrials ","Aerospace & Defense"
"142","GE","GE US Equity","Industrials ","Industrial Products"
"143","GILD","GILD US Equity","Health Care ","Drug Manufacturers"
"144","GIS","GIS US Equity","Consumer Goods ","Consumer Packaged Goods"
"145","GLW","GLW US Equity","Industrials ","Hardware"
"146","GM","GM US Equity","Consumer Goods ","Vehicles & Parts"
"147","GOOGL","GOOGL US Equity","Technology ","Interactive Media"
"148","GPN","GPN US Equity","Industrials ","Business Services"
"149","GRMN","GRMN US Equity","Consumer Goods ","Hardware"
"150","GWW","GWW US Equity","Industrials ","Industrial Distribution"
"151","HAL","HAL US Equity","Oil & Gas ","Oil & Gas"
"152","HAS","HAS US Equity","Consumer Goods ","Travel & Leisure"
"153","HBI","HBI US Equity","Consumer Goods ","Manufacturing - Apparel & Accessories"
"154","HCA","HCA US Equity","Health Care ","Healthcare Providers & Services"
"155","HD","HD US Equity","Consumer Services ","Retail - Cyclical"
"156","HES","HES US Equity","Oil & Gas ","Oil & Gas"
"157","HIG","HIG US Equity","Financials ","Insurance"
"158","HII","HII US Equity","Industrials ","Aerospace & Defense"
"159","HLT","HLT US Equity","Consumer Services ","Travel & Leisure"
"160","HOLX","HOLX US Equity","Health Care ","Medical Devices & Instruments"
"161","HON","HON US Equity","Industrials ","Industrial Products"
"162","HPE","HPE US Equity","Technology ","Hardware"
"163","HPQ","HPQ US Equity","Technology ","Hardware"
"164","HRL","HRL US Equity","Consumer Goods ","Consumer Packaged Goods"
"165","HSIC","HSIC US Equity","Health Care ","Medical Distribution"
"166","HSY","HSY US Equity","Consumer Goods ","Consumer Packaged Goods"
"167","HUM","HUM US Equity","Health Care ","Healthcare Plans"
"168","IBM","IBM US Equity","Technology ","Software"
"169","IDXX","IDXX US Equity","Health Care ","Medical Diagnostics & Research"
"170","IEX","IEX US Equity","Industrials ","Industrial Products"
"171","IFF","IFF US Equity","Basic Materials ","Chemicals"
"172","ILMN","ILMN US Equity","Health Care ","Medical Diagnostics & Research"
"173","INCY","INCY US Equity","Health Care ","Biotechnology"
"174","INFO","INFO US Equity","Financials ","Business Services"
"175","INTC","INTC US Equity","Technology ","Semiconductors"
"176","INTU","INTU US Equity","Technology ","Software"
"177","IP","IP US Equity","Basic Materials ","Packaging & Containers"
"178","IPG","IPG US Equity","Consumer Services ","Media - Diversified"
"179","IQV","IQV US Equity","Technology ","Medical Diagnostics & Research"
"180","IR","IR US Equity","Industrials ","Industrial Products"
"181","ISRG","ISRG US Equity","Health Care ","Medical Devices & Instruments"
"182","ITW","ITW US Equity","Industrials ","Industrial Products"
"183","J","J US Equity","Industrials ","Construction"
"184","JBHT","JBHT US Equity","Industrials ","Transportation"
"185","JCI","JCI US Equity","Industrials ","Construction"
"186","JNJ","JNJ US Equity","Health Care ","Drug Manufacturers"
"187","K","K US Equity","Consumer Goods ","Consumer Packaged Goods"
"188","KEYS","KEYS US Equity","Industrials ","Hardware"
"189","KHC","KHC US Equity","Consumer Goods ","Consumer Packaged Goods"
"190","KLAC","KLAC US Equity","Technology ","Semiconductors"
"191","KMB","KMB US Equity","Consumer Goods ","Consumer Packaged Goods"
"192","KMI","KMI US Equity","Oil & Gas ","Oil & Gas"
"193","KMX","KMX US Equity","Consumer Services ","Vehicles & Parts"
"194","KO","KO US Equity","Consumer Goods ","Beverages - Non-Alcoholic"
"195","KR","KR US Equity","Consumer Services ","Retail - Defensive"
"196","KSU","KSU US Equity","Industrials ","Transportation"
"197","LEN","LEN US Equity","Consumer Goods ","Homebuilding & Construction"
"198","LH","LH US Equity","Health Care ","Medical Diagnostics & Research"
"199","LHX","LHX US Equity","Technology ","Aerospace & Defense"
"200","LIN","LIN US Equity","Basic Materials ","Chemicals"
"201","LKQ","LKQ US Equity","Consumer Goods ","Vehicles & Parts"
"202","LLY","LLY US Equity","Health Care ","Drug Manufacturers"
"203","LMT","LMT US Equity","Industrials ","Aerospace & Defense"
"204","LOW","LOW US Equity","Consumer Services ","Retail - Cyclical"
"205","LRCX","LRCX US Equity","Technology ","Semiconductors"
"206","LVS","LVS US Equity","Consumer Services ","Travel & Leisure"
"207","LW","LW US Equity","Consumer Goods ","Consumer Packaged Goods"
"208","LYB","LYB US Equity","Basic Materials ","Chemicals"
"209","LYV","LYV US Equity","Consumer Services ","Media - Diversified"
"210","MA","MA US Equity","Financials ","Credit Services"
"211","MAR","MAR US Equity","Consumer Services ","Travel & Leisure"
"212","MAS","MAS US Equity","Industrials ","Construction"
"213","MCD","MCD US Equity","Consumer Services ","Restaurants"
"214","MCHP","MCHP US Equity","Technology ","Semiconductors"
"215","MCK","MCK US Equity","Consumer Services ","Medical Distribution"
"216","MDLZ","MDLZ US Equity","Consumer Goods ","Consumer Packaged Goods"
"217","MDT","MDT US Equity","Health Care ","Medical Devices & Instruments"
"218","MET","MET US Equity","Financials ","Insurance"
"219","MGM","MGM US Equity","Consumer Services ","Travel & Leisure"
"220","MKC","MKC US Equity","Consumer Goods ","Consumer Packaged Goods"
"221","MLM","MLM US Equity","Industrials ","Building Materials"
"222","MMC","MMC US Equity","Financials ","Insurance"
"223","MMM","MMM US Equity","Industrials ","Industrial Products"
"224","MNST","MNST US Equity","Consumer Goods ","Beverages - Non-Alcoholic"
"225","MO","MO US Equity","Consumer Goods ","Tobacco Products"
"226","MOS","MOS US Equity","Basic Materials ","Agriculture"
"227","MPC","MPC US Equity","Oil & Gas ","Oil & Gas"
"228","MRK","MRK US Equity","Health Care ","Drug Manufacturers"
"229","MSI","MSI US Equity","Technology ","Hardware"
"230","MTD","MTD US Equity","Industrials ","Medical Diagnostics & Research"
"231","MU","MU US Equity","Technology ","Semiconductors"
"232","MXIM","MXIM US Equity","Technology ","Semiconductors"
"233","NCLH","NCLH US Equity","Consumer Services ","Travel & Leisure"
"234","NEE","NEE US Equity","Utilities ","Utilities - Regulated"
"235","NEM","NEM US Equity","Basic Materials ","Metals & Mining"
"236","NFLX","NFLX US Equity","Consumer Services ","Media - Diversified"
"237","NKE","NKE US Equity","Consumer Goods ","Manufacturing - Apparel & Accessories"
"238","NLSN","NLSN US Equity","Consumer Services ","Business Services"
"239","NOC","NOC US Equity","Industrials ","Aerospace & Defense"
"240","NOW","NOW US Equity","Technology ","Software"
"241","NRG","NRG US Equity","Utilities ","Utilities - Independent Power Producers"
"242","NSC","NSC US Equity","Industrials ","Transportation"
"243","NTAP","NTAP US Equity","Technology ","Hardware"
"244","NUE","NUE US Equity","Basic Materials ","Steel"
"245","NVDA","NVDA US Equity","Technology ","Semiconductors"
"246","NVR","NVR US Equity","Consumer Goods ","Homebuilding & Construction"
"247","NWSA","NWSA US Equity","Consumer Services ","Media - Diversified"
"248","O","O US Equity","Financials ","REITs"
"249","ODFL","ODFL US Equity","Industrials ","Transportation"
"250","OKE","OKE US Equity","Oil & Gas ","Oil & Gas"
"251","OMC","OMC US Equity","Consumer Services ","Media - Diversified"
"252","ORCL","ORCL US Equity","Technology ","Software"
"253","ORLY","ORLY US Equity","Consumer Services ","Retail - Cyclical"
"254","OTIS","OTIS US Equity","Industrials ","Industrial Products"
"255","OXY","OXY US Equity","Oil & Gas ","Oil & Gas"
"256","PAYX","PAYX US Equity","Industrials ","Business Services"
"257","PCAR","PCAR US Equity","Industrials ","Farm & Heavy Construction Machinery"
"258","PEAK","PEAK US Equity","Financials ","REITs"
"259","PEG","PEG US Equity","Utilities ","Utilities - Regulated"
"260","PEP","PEP US Equity","Consumer Goods ","Beverages - Non-Alcoholic"
"261","PFE","PFE US Equity","Health Care ","Drug Manufacturers"
"262","PFG","PFG US Equity","Financials ","Insurance"
"263","PG","PG US Equity","Consumer Goods ","Consumer Packaged Goods"
"264","PGR","PGR US Equity","Financials ","Insurance"
"265","PH","PH US Equity","Industrials ","Industrial Products"
"266","PHM","PHM US Equity","Consumer Goods ","Homebuilding & Construction"
"267","PKG","PKG US Equity","Industrials ","Packaging & Containers"
"268","PKI","PKI US Equity","Health Care ","Medical Diagnostics & Research"
"269","PLD","PLD US Equity","Financials ","REITs"
"270","PM","PM US Equity","Consumer Goods ","Tobacco Products"
"271","POOL","POOL US Equity","Consumer Goods ","Travel & Leisure"
"272","PPG","PPG US Equity","Basic Materials ","Chemicals"
"273","PPL","PPL US Equity","Utilities ","Utilities - Regulated"
"274","PRGO","PRGO US Equity","Health Care ","Drug Manufacturers"
"275","PRU","PRU US Equity","Financials ","Insurance"
"276","PSA","PSA US Equity","Financials ","REITs"
"277","PSX","PSX US Equity","Oil & Gas ","Oil & Gas"
"278","PVH","PVH US Equity","Consumer Goods ","Manufacturing - Apparel & Accessories"
"279","PWR","PWR US Equity","Industrials ","Construction"
"280","PXD","PXD US Equity","Oil & Gas ","Oil & Gas"
"281","PYPL","PYPL US Equity","Industrials ","Credit Services"
"282","QCOM","QCOM US Equity","Technology ","Semiconductors"
"283","QRVO","QRVO US Equity","Technology ","Semiconductors"
"284","RCL","RCL US Equity","Consumer Services ","Travel & Leisure"
"285","REGN","REGN US Equity","Health Care ","Biotechnology"
"286","RHI","RHI US Equity","Industrials ","Business Services"
"287","RL","RL US Equity","Consumer Goods ","Manufacturing - Apparel & Accessories"
"288","RMD","RMD US Equity","Health Care ","Medical Devices & Instruments"
"289","ROK","ROK US Equity","Industrials ","Industrial Products"
"290","ROL","ROL US Equity","Consumer Services ","Personal Services"
"291","ROP","ROP US Equity","Technology ","Industrial Products"
"292","ROST","ROST US Equity","Consumer Services ","Retail - Cyclical"
"293","RSG","RSG US Equity","Industrials ","Waste Management"
"294","RTX","RTX US Equity","Industrials ","Aerospace & Defense"
"295","SBAC","SBAC US Equity","Financials ","REITs"
"296","SBUX","SBUX US Equity","Consumer Services ","Restaurants"
"297","SEE","SEE US Equity","Industrials ","Packaging & Containers"
"298","SHW","SHW US Equity","Industrials ","Chemicals"
"299","SJM","SJM US Equity","Consumer Goods ","Consumer Packaged Goods"
"300","SLB","SLB US Equity","Oil & Gas ","Oil & Gas"
"301","SO","SO US Equity","Utilities ","Utilities - Regulated"
"302","SPG","SPG US Equity","Financials ","REITs"
"303","SRE","SRE US Equity","Utilities ","Utilities - Regulated"
"304","STE","STE US Equity","Health Care ","Medical Devices & Instruments"
"305","STX","STX US Equity","Technology ","Hardware"
"306","STZ","STZ US Equity","Consumer Goods ","Beverages - Alcoholic"
"307","SWK","SWK US Equity","Industrials ","Industrial Products"
"308","SWKS","SWKS US Equity","Technology ","Semiconductors"
"309","SYF","SYF US Equity","Financials ","Credit Services"
"310","SYK","SYK US Equity","Health Care ","Medical Devices & Instruments"
"311","SYY","SYY US Equity","Consumer Services ","Retail - Defensive"
"312","TAP","TAP US Equity","Consumer Goods ","Beverages - Alcoholic"
"313","TDG","TDG US Equity","Industrials ","Aerospace & Defense"
"314","TEL","TEL US Equity","Industrials ","Hardware"
"315","TER","TER US Equity","Technology ","Semiconductors"
"316","TFX","TFX US Equity","Health Care ","Medical Devices & Instruments"
"317","TGT","TGT US Equity","Consumer Services ","Retail - Defensive"
"318","TJX","TJX US Equity","Consumer Services ","Retail - Cyclical"
"319","TMO","TMO US Equity","Health Care ","Medical Diagnostics & Research"
"320","TRV","TRV US Equity","Financials ","Insurance"
"321","TSCO","TSCO US Equity","Consumer Services ","Retail - Cyclical"
"322","TSN","TSN US Equity","Consumer Goods ","Consumer Packaged Goods"
"323","TT","TT US Equity","Industrials ","Industrial Products"
"324","TTWO","TTWO US Equity","Consumer Goods ","Interactive Media"
"325","TWTR","TWTR US Equity","Technology ","Interactive Media"
"326","TXN","TXN US Equity","Technology ","Semiconductors"
"327","TXT","TXT US Equity","Industrials ","Aerospace & Defense"
"328","UAA","UAA US Equity","Consumer Goods ","Manufacturing - Apparel & Accessories"
"329","UAL","UAL US Equity","Consumer Services ","Transportation"
"330","UHS","UHS US Equity","Health Care ","Healthcare Providers & Services"
"331","UNH","UNH US Equity","Health Care ","Healthcare Plans"
"332","UNP","UNP US Equity","Industrials ","Transportation"
"333","UPS","UPS US Equity","Industrials ","Transportation"
"334","URI","URI US Equity","Industrials ","Business Services"
"335","V","V US Equity","Financials ","Credit Services"
"336","VAR","VAR US Equity","Health Care ","Medical Devices & Instruments"
"337","VFC","VFC US Equity","Consumer Goods ","Manufacturing - Apparel & Accessories"
"338","VIAC","VIAC US Equity","Consumer Services ","Media - Diversified"
"339","VMC","VMC US Equity","Industrials ","Building Materials"
"340","VRSK","VRSK US Equity","Industrials ","Business Services"
"341","VTR","VTR US Equity","Financials ","REITs"
"342","VTRS","VTRS US Equity","Health Care ","Drug Manufacturers"
"343","WAB","WAB US Equity","Industrials ","Transportation"
"344","WAT","WAT US Equity","Industrials ","Medical Diagnostics & Research"
"345","WBA","WBA US Equity","Consumer Services ","Healthcare Providers & Services"
"346","WDC","WDC US Equity","Technology ","Hardware"
"347","WEC","WEC US Equity","Utilities ","Utilities - Regulated"
"348","WELL","WELL US Equity","Financials ","REITs"
"349","WLTW","WLTW US Equity","Financials ","Insurance"
"350","WM","WM US Equity","Industrials ","Waste Management"
"351","WMB","WMB US Equity","Oil & Gas ","Oil & Gas"
"352","WMT","WMT US Equity","Consumer Services ","Retail - Defensive"
"353","WRK","WRK US Equity","Industrials ","Packaging & Containers"
"354","WST","WST US Equity","Health Care ","Medical Devices & Instruments"
"355","WU","WU US Equity","Industrials ","Credit Services"
"356","WY","WY US Equity","Financials ","REITs"
"357","WYNN","WYNN US Equity","Consumer Services ","Travel & Leisure"
"358","XEL","XEL US Equity","Utilities ","Utilities - Regulated"
"359","XLNX","XLNX US Equity","Technology ","Semiconductors"
"360","XYL","XYL US Equity","Industrials ","Industrial Products"
"361","YUM","YUM US Equity","Consumer Services ","Restaurants"
"362","ZBH","ZBH US Equity","Health Care ","Medical Devices & Instruments"
"363","ZBRA","ZBRA US Equity","Industrials ","Hardware"
"364","ZTS","ZTS US Equity","Health Care ","Drug Manufacturers"
